{"Margaret Cho": [0.42857142857142855, 1, ["mocks", "sour", "offensive"]], "Kevin Spacey": [0.7913043478260869, 1, ["pity", "knock", "sucker"]], "Kate Hudson": [0.8076923076923077, 0, ["steal", "explode", "distracting"]], "Benedict Cumberbatch": [0.7647058823529411, 1, ["bomb", "missed", "lost"]], "Bill Cosby": [0.32222222222222224, 10, ["assault", "distasteful", "crazy"]]}